class_title,midpoint_x,midpoint_y,distance,angle_to_horizonal
edge_of_road,136.5,199.5,111.36426715962351,85.36453657309735
Driveway,127.5,81.5,123.10158406779338,87.67218491095885
