class_title,midpoint_x,midpoint_y,distance,angle_to_horizonal
edge_of_road,64.0,21.0,42.04759208325728,87.27368900609373
edge_of_road,73.0,181.0,144.22205101855957,86.82016988013577
Driveway,66.0,74.0,62.12889826803627,86.30861401354872
