class_title,midpoint_x,midpoint_y,distance,angle_to_horizonal
edge_of_road,80.5,75.0,162.00308639035245,6.379248167613142
edge_of_road,216.0,61.5,78.16009211867653,3.667788055531428
