class_title,midpoint_x,midpoint_y,distance,angle_to_horizonal
Driveway,129.0,52.0,100.07996802557443,-2.2906100426385296
edge_of_road,39.0,58.0,76.23647421018367,-4.513988458001262
edge_of_road,218.5,45.5,67.1863081289633,-4.267893300290811
