class_title,midpoint_x,midpoint_y,distance,angle_to_horizonal
Driveway,112.0,166.0,112.44554237496477,84.89783474764181
edge_of_road,100.0,52.5,101.96568050084302,82.1082975717643
edge_of_road,117.5,239.5,29.017236257093817,88.02506598911803
