class_title,midpoint_x,midpoint_y,distance,angle_to_horizonal
edge_of_road,103.5,88.0,205.35091916034852,-3.3500763975014807
Driveway,231.0,80.5,48.010415536631214,-1.193489423982035
