class_title,midpoint_x,midpoint_y,distance,angle_to_horizonal
edge_of_road,127.5,118.0,255.28219679405768,-2.6942842898561006
edge_of_road,127.0,15.0,254.503438090726,-3.6044205391757043
