class_title,midpoint_x,midpoint_y,distance,angle_to_horizonal
Driveway,157.0,189.5,106.23088063270491,-3.778197707161587
edge_of_road,51.0,196.0,100.07996802557443,-2.2906100426385296
edge_of_road,235.5,183.0,35.05709628591621,-3.2704879231835653
