class_title,midpoint_x,midpoint_y,distance,angle_to_horizonal
Driveway,37.5,20.0,36.124783736376884,85.23635830927383
edge_of_road,46.0,133.5,185.52897347853784,85.67235179689182
Driveway,54.0,240.0,24.08318915758459,85.23635830927383
