class_title,midpoint_x,midpoint_y,distance,angle_to_horizonal
Driveway,15.5,230.5,51.088159097779204,86.63353933657021
edge_of_road,11.0,101.0,200.08997975910736,88.28164199834454
