class_title,midpoint_x,midpoint_y,distance,angle_to_horizonal
Driveway,54.0,59.5,57.14017850864661,85.98582430458897
edge_of_road,61.5,172.5,161.5239920259526,85.38364790644899
edge_of_road,51.5,14.0,28.0178514522438,87.95459151111278
