class_title,midpoint_x,midpoint_y,distance,angle_to_horizonal
edge_of_road,102.0,36.5,71.25307010929424,85.16958004171006
edge_of_road,112.5,216.0,74.33034373659252,84.59620863975029
Driveway,107.0,125.0,104.17293314484334,86.69813432556501
