class_title,midpoint_x,midpoint_y,distance,angle_to_horizonal
Driveway,125.0,170.5,58.077534382926416,2.96093613416375
Driveway,205.5,164.0,41.19465984809196,5.572197803963796
edge_of_road,170.5,174.5,23.021728866442675,2.489552921999156
edge_of_road,76.0,182.0,34.058772731852805,3.3664606634298013
edge_of_road,243.5,168.0,21.095023109728988,5.440332031005506
