class_title,midpoint_x,midpoint_y,distance,angle_to_horizonal
edge_of_road,206.0,153.5,203.24615617521528,87.17982752755152
edge_of_road,68.0,99.0,194.3707796969493,86.46044083145004
edge_of_road,76.0,226.0,58.034472514187634,88.02506598911803
Driveway,201.0,23.5,45.044422518220834,87.4551956201869
