class_title,midpoint_x,midpoint_y,distance,angle_to_horizonal
Driveway,189.5,90.5,73.06161783043132,87.64670313389169
Driveway,53.0,177.5,79.22752047110903,85.65676004831062
edge_of_road,52.0,68.0,134.13426109685773,87.43622978853499
edge_of_road,59.5,238.0,32.14031735997639,84.64417495714481
edge_of_road,186.0,24.5,49.16299421312742,85.333141628561
edge_of_road,196.5,194.0,124.4869471069156,84.93057986738751
