class_title,midpoint_x,midpoint_y,distance,angle_to_horizonal
Driveway,86.0,45.5,89.20201791439474,86.14319901441017
edge_of_road,94.5,173.5,163.37074401495514,86.13926737511673
