class_title,midpoint_x,midpoint_y,distance,angle_to_horizonal
offstreet_parking_bays,40.0,115.0,80.09993757800315,87.13759477388825
offstreet_parking_bays,82.0,113.0,80.22468448052632,85.71084667118097
offstreet_parking_bays,124.0,110.5,79.1012010022604,87.1014232007183
