class_title,midpoint_x,midpoint_y,distance,angle_to_horizonal
edge_of_road,172.5,139.0,165.43578814754684,-4.159642293712642
Driveway,55.0,147.0,66.12110101926616,-3.4682292589171477
edge_of_road,10.5,149.0,19.0,0.0
