class_title,midpoint_x,midpoint_y,distance,angle_to_horizonal
Driveway,220.5,42.0,71.25307010929424,-4.830419958289941
edge_of_road,92.0,51.5,184.45866745696716,-4.041355854431493
