class_title,midpoint_x,midpoint_y,distance,angle_to_horizonal
offstreet_parking_bays,101.0,66.0,105.1094667477673,-68.80594351845772
offstreet_parking_bays,51.0,71.0,106.62082348209472,-66.80140948635182
offstreet_parking_bays,12.5,50.0,55.036351623268054,-65.2975697722287
offstreet_parking_bays,152.0,60.0,104.0,-67.38013505195957
offstreet_parking_bays,202.5,60.0,103.36827366266692,-65.41842551743132
offstreet_parking_bays,242.0,77.5,58.180752831155424,-65.63754698468783
