class_title,midpoint_x,midpoint_y,distance,angle_to_horizonal
edge_of_road,241.5,104.0,104.38869670610895,85.05403345289584
Driveway,237.0,23.5,45.044422518220834,87.4551956201869
