class_title,midpoint_x,midpoint_y,distance,angle_to_horizonal
edge_of_road,86.5,101.0,202.41788458533006,86.31772593769473
edge_of_road,248.5,76.0,152.26621424334422,86.6114430092765
Driveway,93.5,229.5,49.01020301937138,88.83086067209258
