class_title,midpoint_x,midpoint_y,distance,angle_to_horizonal
offstreet_parking_bays,102.0,128.5,89.20201791439474,86.14319901441017
offstreet_parking_bays,59.0,130.0,88.20430828479978,86.09950625761812
offstreet_parking_bays,19.0,132.5,87.20665112249179,86.05481377096244
offstreet_parking_bays,145.0,125.5,85.21150157109074,85.96228937902288
offstreet_parking_bays,186.0,122.5,83.09632964216891,87.24089234137973
offstreet_parking_bays,229.5,120.0,88.14193099768123,86.74805439963612
