class_title,midpoint_x,midpoint_y,distance,angle_to_horizonal
edge_of_road,39.5,37.0,70.06425622241343,87.54596832547293
edge_of_road,48.0,190.0,62.12889826803627,86.30861401354872
edge_of_road,195.5,25.0,48.010415536631214,88.80651057601797
edge_of_road,199.5,131.5,13.038404810405298,85.60129464500447
edge_of_road,205.0,228.5,17.0,90.0
