class_title,midpoint_x,midpoint_y,distance,angle_to_horizonal
edge_of_road,159.5,96.5,191.3164917094185,86.70388402745368
Driveway,156.0,227.0,56.0357029044876,87.95459151111278
