class_title,midpoint_x,midpoint_y,distance,angle_to_horizonal
Driveway,75.0,191.0,118.4229707446997,85.15599962491932
edge_of_road,69.0,65.5,129.24782396620841,86.45131802609556
edge_of_road,234.0,88.0,172.29045243425418,86.67259575827343
edge_of_road,242.5,216.0,70.34912934784623,84.28940686250036
