class_title,midpoint_x,midpoint_y,distance,angle_to_horizonal
Driveway,34.0,132.0,34.52535300326414,79.99202019855866
Driveway,44.5,157.5,21.213203435596427,45.0
Driveway,69.5,166.5,31.016124838541646,1.8476102659945959
Driveway,114.5,165.0,51.03920062069938,2.245742565895071
edge_of_road,199.5,159.5,111.11255554616679,2.5791475002834177
edge_of_road,27.0,63.5,97.082439194738,87.63862534182438
