class_title,midpoint_x,midpoint_y,distance,angle_to_horizonal
offstreet_parking_bays,187.5,144.5,85.14693182963201,86.63353933657021
offstreet_parking_bays,229.5,141.5,81.15417426109393,86.46770541610911
offstreet_parking_bays,147.0,147.0,80.09993757800315,87.13759477388825
offstreet_parking_bays,107.0,149.0,86.20904824900923,86.00908690157023
offstreet_parking_bays,65.0,152.0,84.2140130857092,85.91438322002513
offstreet_parking_bays,25.0,152.0,86.09297300012354,87.33699923393286
offstreet_parking_bays,126.5,227.5,86.45229898620394,41.248270929474025
offstreet_parking_bays,187.0,223.0,93.50935782048768,41.53177074108285
offstreet_parking_bays,63.0,227.5,82.87943049997388,41.57612875506932
