class_title,midpoint_x,midpoint_y,distance,angle_to_horizonal
edge_of_road,214.0,75.0,146.21901381147393,86.86364163166742
edge_of_road,225.0,237.5,23.0,90.0
edge_of_road,53.0,46.0,20.0,90.0
edge_of_road,55.5,142.5,29.017236257093817,88.02506598911803
Driveway,57.5,182.0,46.010868281309364,88.75463573323165
