class_title,midpoint_x,midpoint_y,distance,angle_to_horizonal
offstreet_parking_bays,122.0,171.5,200.55173896029922,55.35905248808371
offstreet_parking_bays,57.0,176.5,192.85486771144772,54.496858538691015
offstreet_parking_bays,186.5,170.0,204.7266470198738,55.14554443389634
offstreet_parking_bays,236.0,142.5,64.81512169239521,51.89242312248514
offstreet_parking_bays,22.0,226.0,71.21797525905943,51.84277341263094
