class_title,midpoint_x,midpoint_y,distance,angle_to_horizonal
edge_of_road,226.5,128.0,255.03921267130667,84.82591038126283
edge_of_road,85.0,128.5,253.38705570727168,86.83271273884807
