class_title,midpoint_x,midpoint_y,distance,angle_to_horizonal
edge_of_road,36.0,31.5,61.29437168288782,84.38241940987318
edge_of_road,46.5,191.0,122.20065466273084,86.71613771209364
Driveway,174.5,97.0,46.010868281309364,88.75463573323165
edge_of_road,171.0,42.5,51.03920062069938,87.75425743410493
edge_of_road,182.0,189.5,129.5569372901351,84.68545433005525
Driveway,37.5,95.0,60.207972893961475,85.23635830927383
