class_title,midpoint_x,midpoint_y,distance,angle_to_horizonal
offstreet_parking_bays,68.0,216.5,77.23341245859851,85.54439716667369
offstreet_parking_bays,107.0,216.5,79.22752047110903,85.65676004831062
offstreet_parking_bays,29.0,217.5,75.23961722390672,85.42607874009914
