class_title,midpoint_x,midpoint_y,distance,angle_to_horizonal
edge_of_road,29.0,103.0,162.11107303327555,87.87890360333854
Driveway,34.0,219.5,67.02984409947557,88.29018595585848
Driveway,25.0,10.0,18.110770276274835,83.6598082540901
