class_title,midpoint_x,midpoint_y,distance,angle_to_horizonal
offstreet_parking_bays,52.0,63.5,85.21150157109074,85.96228937902288
offstreet_parking_bays,11.5,65.0,88.2779700718135,85.45195759087458
offstreet_parking_bays,7.0,187.5,63.12685640834652,86.3670492605118
offstreet_parking_bays,55.0,180.5,65.03076195155643,88.23760897633949
offstreet_parking_bays,102.5,179.0,66.06814663663572,87.39743779750019
offstreet_parking_bays,150.0,177.5,67.11929677819934,86.58341180822866
