class_title,midpoint_x,midpoint_y,distance,angle_to_horizonal
Driveway,135.0,134.5,71.11258679024411,86.7754773934801
edge_of_road,131.0,49.5,95.08417323613851,87.58897025338877
edge_of_road,141.0,214.5,83.21658488546619,85.86532862626359
