class_title,midpoint_x,midpoint_y,distance,angle_to_horizonal
offstreet_parking_bays,57.0,18.0,41.617304093369626,54.782407031807296
offstreet_parking_bays,123.0,15.5,40.45985664828782,50.01311375503581
offstreet_parking_bays,190.5,13.5,35.4682957019364,49.57392125990087
offstreet_parking_bays,251.0,12.0,22.360679774997898,63.43494882292202
offstreet_parking_bays,34.5,35.0,63.0,0.0
offstreet_parking_bays,103.0,32.5,70.06425622241343,2.4540316745270756
offstreet_parking_bays,168.0,28.5,64.19501538281614,4.467159061389273
offstreet_parking_bays,228.0,23.5,54.00925846556311,1.0609116902642277
