class_title,midpoint_x,midpoint_y,distance,angle_to_horizonal
edge_of_road,74.0,139.0,124.14507642270796,87.2297842027998
Driveway,73.5,47.0,42.1070065428546,85.91438322002513
Driveway,80.5,229.0,50.08991914547278,86.56636963754949
