class_title,midpoint_x,midpoint_y,distance,angle_to_horizonal
edge_of_road,115.5,158.0,231.70023737579555,4.455602833326316
Driveway,245.5,148.0,19.1049731745428,6.009005957494525
Driveway,33.5,15.0,67.11929677819934,3.416588191771344
edge_of_road,163.5,7.0,179.4017837146554,3.8353190971332976
