class_title,midpoint_x,midpoint_y,distance,angle_to_horizonal
edge_of_road,93.5,20.0,38.118237105091836,85.48601154199874
edge_of_road,107.0,202.5,103.4842983258813,84.45468269113796
Driveway,98.0,95.5,109.16501271011697,86.84928358673226
