class_title,midpoint_x,midpoint_y,distance,angle_to_horizonal
Driveway,175.5,31.5,57.07889277132134,86.98721249581666
edge_of_road,182.5,160.0,192.21082175569617,87.31622484053102
