class_title,midpoint_x,midpoint_y,distance,angle_to_horizonal
edge_of_road,180.0,50.5,148.27339613025663,3.4799175042697157
edge_of_road,18.0,57.5,34.0147027033899,1.6846843178962914
Driveway,70.5,54.0,65.03076195155643,1.7623910236605127
