class_title,midpoint_x,midpoint_y,distance,angle_to_horizonal
edge_of_road,163.5,140.0,134.45073447177595,85.30713749441017
Driveway,155.5,41.0,54.08326913195984,86.82016988013577
Driveway,168.5,232.5,43.01162633521314,88.66778014613037
Driveway,20.5,96.0,60.07495318350236,87.13759477388825
edge_of_road,18.0,30.5,61.032778078668514,88.12212255271464
edge_of_road,25.5,191.5,121.10326172320876,87.6337520085442
