class_title,midpoint_x,midpoint_y,distance,angle_to_horizonal
edge_of_road,29.0,120.0,60.728905802755904,17.241459398939977
edge_of_road,92.5,136.5,66.70832032063167,12.994616791916506
edge_of_road,159.0,146.5,62.64982043070834,8.259437979878806
edge_of_road,224.5,149.5,61.00819617067857,0.9391909457355799
edge_of_road,32.5,179.0,67.446274915669,15.47863816541836
edge_of_road,102.5,193.0,71.7007670809734,8.01709307365533
edge_of_road,171.5,201.0,65.12296062065974,3.5214533769222385
edge_of_road,231.0,201.0,50.0,0.0
