class_title,midpoint_x,midpoint_y,distance,angle_to_horizonal
edge_of_road,213.5,111.5,223.37860237721964,86.66366329778668
Driveway,221.5,240.0,28.0178514522438,87.95459151111278
