class_title,midpoint_x,midpoint_y,distance,angle_to_horizonal
Driveway,97.5,8.5,21.400934559032695,52.59464336859145
Driveway,104.5,31.0,24.186773244895647,82.8749836510982
edge_of_road,113.5,149.0,208.54016399725018,85.87523339385763
