class_title,midpoint_x,midpoint_y,distance,angle_to_horizonal
edge_of_road,118.5,54.5,31.016124838541646,-88.15238973400541
edge_of_road,110.5,86.5,29.966648127543394,-64.29004621918874
edge_of_road,92.5,113.5,32.64965543462902,-49.9697407281103
edge_of_road,69.5,134.5,27.018512172212592,-38.99099404250548
edge_of_road,45.5,146.5,22.135943621178654,-18.43494882292201
edge_of_road,16.5,152.0,31.25699921617557,-7.3523793598923595
Driveway,118.0,18.5,33.06055050963308,86.53177074108285
