class_title,midpoint_x,midpoint_y,distance,angle_to_horizonal
edge_of_road,134.0,132.0,176.72577627499618,5.194428907734806
edge_of_road,233.0,125.5,18.24828759089466,9.462322208025617
edge_of_road,251.0,130.0,10.770329614269007,21.80140948635181
Driveway,21.5,142.0,43.18564576337837,5.31454566994475
