class_title,midpoint_x,midpoint_y,distance,angle_to_horizonal
Driveway,178.0,57.5,30.4138126514911,62.59242456218159
Driveway,199.0,84.0,35.38361202590826,42.70938995736147
Driveway,233.5,109.0,47.50789408087881,30.34324888423958
edge_of_road,160.5,10.5,21.213203435596427,81.86989764584403
edge_of_road,166.5,32.5,24.041630560342615,73.07248693585295
