class_title,midpoint_x,midpoint_y,distance,angle_to_horizonal
Driveway,170.5,226.0,60.07495318350236,87.13759477388825
edge_of_road,173.5,97.5,191.3164917094185,86.70388402745368
