class_title,midpoint_x,midpoint_y,distance,angle_to_horizonal
offstreet_parking_bays,42.0,118.5,68.18357573492314,4.205357001708587
offstreet_parking_bays,232.0,91.0,46.17358552246078,4.969740728110304
offstreet_parking_bays,230.0,49.5,48.093658625644196,3.576334374997351
offstreet_parking_bays,229.5,6.5,53.23532661682466,5.389311759973409
offstreet_parking_bays,51.0,17.0,68.11754546370561,3.3664606634298013
