class_title,midpoint_x,midpoint_y,distance,angle_to_horizonal
edge_of_road,201.0,101.5,201.80436070610565,84.88268515002737
edge_of_road,75.0,193.5,55.90169943749474,79.69515353123397
edge_of_road,89.5,239.5,37.12142238654117,62.74467162505693
edge_of_road,231.5,228.0,66.21933252457322,51.74557964748282
