class_title,midpoint_x,midpoint_y,distance,angle_to_horizonal
edge_of_road,59.0,111.0,220.22715545545242,87.39743779750019
edge_of_road,73.0,237.0,31.622776601683793,55.30484646876604
edge_of_road,170.5,249.0,167.10774967068403,-2.057645946948279
edge_of_road,165.0,54.5,107.07474025184464,87.8590986336769
edge_of_road,179.5,115.5,28.178005607210743,27.474431626277134
edge_of_road,222.5,120.5,65.06919393998976,-2.6425452940647243
