class_title,midpoint_x,midpoint_y,distance,angle_to_horizonal
edge_of_road,157.5,161.5,187.45132701584163,86.02326902492244
edge_of_road,44.5,101.5,199.42417105255822,86.26237045658989
Driveway,150.0,31.5,61.032778078668514,88.12212255271464
