class_title,midpoint_x,midpoint_y,distance,angle_to_horizonal
edge_of_road,40.5,123.5,193.31321734428818,86.73796652260324
Driveway,34.5,14.0,22.02271554554524,87.39743779750019
Driveway,49.5,240.5,25.019992006393608,87.70938995736148
