class_title,midpoint_x,midpoint_y,distance,angle_to_horizonal
edge_of_road,138.5,68.0,130.18832512940628,86.91781917547185
edge_of_road,26.0,87.5,167.19150696132863,87.25738864251839
Driveway,30.0,215.0,76.10519036176179,86.98721249581666
Driveway,143.0,163.5,57.14017850864661,85.98582430458897
