class_title,midpoint_x,midpoint_y,distance,angle_to_horizonal
Driveway,59.0,37.5,73.43704787094863,83.74596725608353
edge_of_road,68.0,165.5,179.27911200137063,86.80244222614915
