class_title,midpoint_x,midpoint_y,distance,angle_to_horizonal
Driveway,49.5,15.0,26.019223662515376,87.7974018382342
edge_of_road,55.0,143.0,224.32119828495925,86.93351449887412
