class_title,midpoint_x,midpoint_y,distance,angle_to_horizonal
edge_of_road,46.0,154.5,86.14522621712709,3.3274042417265695
edge_of_road,214.0,143.0,78.10249675906654,2.9356734464211725
Driveway,133.0,147.5,78.16009211867653,3.667788055531428
