class_title,midpoint_x,midpoint_y,distance,angle_to_horizonal
offstreet_parking_bays,215.0,50.5,80.05623023850174,-2.147585428298503
offstreet_parking_bays,213.5,8.5,79.1580697086532,-3.6214847041173406
offstreet_parking_bays,216.0,93.0,80.02499609497022,-1.4320961841646465
offstreet_parking_bays,217.5,136.0,73.10950690573696,-3.1363583683325875
offstreet_parking_bays,220.0,177.0,72.11102550927978,-3.1798301198642345
offstreet_parking_bays,220.5,221.5,67.1863081289633,-4.267893300290811
offstreet_parking_bays,28.0,70.0,56.0357029044876,-2.0454084888872277
offstreet_parking_bays,34.0,244.0,66.12110101926616,-3.4682292589171477
offstreet_parking_bays,30.5,112.5,59.07622195096772,-2.9108378261677537
