class_title,midpoint_x,midpoint_y,distance,angle_to_horizonal
edge_of_road,165.0,127.0,178.54971296532514,-4.497151614667772
edge_of_road,53.0,147.0,46.647615158762406,-30.96375653207352
edge_of_road,15.0,177.0,44.04543109109048,-50.527540151656176
