class_title,midpoint_x,midpoint_y,distance,angle_to_horizonal
offstreet_parking_bays,69.0,70.0,136.36715146984628,85.79464299829141
offstreet_parking_bays,150.5,91.5,181.33394607739612,86.52221348020184
offstreet_parking_bays,253.5,45.0,88.14193099768123,86.74805439963612
