class_title,midpoint_x,midpoint_y,distance,angle_to_horizonal
edge_of_road,75.0,156.5,203.38387350033435,-78.08232409528502
edge_of_road,209.0,81.0,164.07315441594946,-80.88213724620421
Driveway,89.5,34.5,38.600518131237564,73.44292862436335
edge_of_road,74.5,7.5,18.384776310850235,45.0
