class_title,midpoint_x,midpoint_y,distance,angle_to_horizonal
edge_of_road,66.5,72.5,135.29966740535616,86.18592516570965
edge_of_road,76.0,251.0,8.0,90.0
Driveway,73.0,194.0,104.0768946500615,87.7974018382342
