class_title,midpoint_x,midpoint_y,distance,angle_to_horizonal
offstreet_parking_bays,108.5,33.0,73.92563831310488,-59.966719564004876
offstreet_parking_bays,56.5,34.5,74.79304780526061,-60.35013649242442
offstreet_parking_bays,13.5,21.5,47.01063709417264,-60.70863782901574
offstreet_parking_bays,161.5,32.0,68.47627326307996,-61.189206257026946
offstreet_parking_bays,215.5,31.0,68.47627326307996,-61.189206257026946
edge_of_road,128.0,186.5,254.4425278918601,-3.379683783322679
