class_title,midpoint_x,midpoint_y,distance,angle_to_horizonal
offstreet_parking_bays,70.5,209.0,84.0535543567314,87.95459151111278
edge_of_road,61.0,87.0,120.14990636700472,2.862405226111748
Driveway,190.0,79.0,130.24592124131948,3.5214533769222385
