class_title,midpoint_x,midpoint_y,distance,angle_to_horizonal
Driveway,55.0,222.0,68.11754546370561,86.63353933657021
edge_of_road,47.5,19.5,35.12833614050059,85.10090754621224
edge_of_road,51.5,145.0,80.05623023850174,87.8524145717015
Driveway,47.5,71.0,60.07495318350236,87.13759477388825
