class_title,midpoint_x,midpoint_y,distance,angle_to_horizonal
Driveway,140.5,108.5,55.226805085936306,-5.194428907734806
edge_of_road,216.0,104.0,78.02563681252464,-1.4688007143858246
edge_of_road,54.0,114.5,104.23531071570709,-3.850638823910753
