class_title,midpoint_x,midpoint_y,distance,angle_to_horizonal
edge_of_road,95.5,64.5,125.19584657647394,86.7947840689865
Driveway,101.0,161.5,61.29437168288782,84.38241940987318
edge_of_road,104.0,225.5,55.036351623268054,87.91743472026913
