class_title,midpoint_x,midpoint_y,distance,angle_to_horizonal
edge_of_road,30.0,102.0,60.13318551349163,-3.8140748342903543
Driveway,129.0,95.0,142.22517358048822,-3.2245226065199075
edge_of_road,229.0,90.5,54.08326913195984,-3.1798301198642345
