class_title,midpoint_x,midpoint_y,distance,angle_to_horizonal
edge_of_road,237.0,95.0,38.05259518088089,3.01278750418334
Driveway,183.0,99.5,56.22277118748239,5.10216525235819
