class_title,midpoint_x,midpoint_y,distance,angle_to_horizonal
edge_of_road,191.0,80.5,126.00396819148197,-0.454718861693143
edge_of_road,110.0,72.5,30.870698080866262,24.904768808095188
edge_of_road,91.0,60.5,10.816653826391969,56.309932474020215
Driveway,80.5,40.0,29.068883707497267,63.43494882292202
edge_of_road,69.5,11.5,23.53720459187964,77.7352262721076
