class_title,midpoint_x,midpoint_y,distance,angle_to_horizonal
edge_of_road,198.5,85.5,169.14490828872147,87.62815781021078
edge_of_road,208.0,213.5,83.38465086573187,84.49452214202165
