class_title,midpoint_x,midpoint_y,distance,angle_to_horizonal
edge_of_road,64.0,176.5,136.35615130972272,20.16260399078604
edge_of_road,192.5,137.0,125.7179382586272,11.935602543267446
edge_of_road,202.5,189.0,111.66467659918243,19.895431334765657
edge_of_road,94.5,232.0,116.46887996370532,23.263185502642987
