class_title,midpoint_x,midpoint_y,distance,angle_to_horizonal
edge_of_road,33.5,113.0,80.15609770940699,33.293563270846676
edge_of_road,77.0,147.5,29.68164415931166,57.38075692880719
Driveway,106.5,198.5,83.00602387778854,58.79948539601937
edge_of_road,144.0,245.5,32.202484376209235,36.15818543980832
edge_of_road,225.0,67.0,66.2117814289874,25.016893478100023
edge_of_road,159.0,54.0,64.03124237432849,1.7899106082460694
edge_of_road,83.0,27.5,95.96353474106714,33.52447324857696
