class_title,midpoint_x,midpoint_y,distance,angle_to_horizonal
edge_of_road,114.5,222.0,229.7063342618135,-4.494357652631996
Driveway,243.5,211.5,15.033296378372908,-3.8140748342903543
