class_title,midpoint_x,midpoint_y,distance,angle_to_horizonal
edge_of_road,25.5,125.5,171.35343591536179,86.31937782696956
Driveway,19.5,18.0,34.0147027033899,88.31531568210372
Driveway,34.5,235.0,36.124783736376884,85.23635830927383
