class_title,midpoint_x,midpoint_y,distance,angle_to_horizonal
edge_of_road,30.5,22.0,42.01190307520001,88.63607246839707
Driveway,32.5,81.0,74.06078584514209,87.6784694101673
edge_of_road,39.5,189.0,132.30646242719968,86.09950625761812
