class_title,midpoint_x,midpoint_y,distance,angle_to_horizonal
Driveway,129.5,146.5,47.265209192385896,83.9275435927923
Driveway,11.5,160.5,59.07622195096772,87.08916217383225
edge_of_road,6.0,65.0,130.13838787997952,87.35745470593528
edge_of_road,121.5,59.5,117.34564329364768,85.60129464500447
edge_of_road,17.0,223.5,63.12685640834652,86.3670492605118
