class_title,midpoint_x,midpoint_y,distance,angle_to_horizonal
Driveway,158.5,55.5,149.03019828209315,-1.1534504511053671
edge_of_road,244.5,54.0,21.0,-0.0
edge_of_road,42.0,61.0,82.38931969618392,-5.572197803963796
