class_title,midpoint_x,midpoint_y,distance,angle_to_horizonal
offstreet_parking_bays,253.0,135.0,6.324555320336759,18.43494882292201
offstreet_parking_bays,248.5,172.5,13.341664064126334,12.994616791916506
offstreet_parking_bays,243.0,210.0,16.492422502470642,14.036243467926479
offstreet_parking_bays,241.5,249.5,25.495097567963924,11.309932474020215
