class_title,midpoint_x,midpoint_y,distance,angle_to_horizonal
offstreet_parking_bays,211.5,51.0,83.21658488546619,-4.134671373736423
offstreet_parking_bays,213.0,94.0,80.09993757800315,-2.862405226111748
offstreet_parking_bays,214.5,136.5,75.16648189186454,-3.8140748342903543
edge_of_road,254.0,48.5,95.08417323613851,87.58897025338877
