class_title,midpoint_x,midpoint_y,distance,angle_to_horizonal
edge_of_road,116.0,120.5,180.33579788827288,3.4970597392982494
Driveway,12.5,126.0,21.095023109728988,5.440332031005506
Driveway,234.5,111.5,37.12142238654117,4.635463426902643
