class_title,midpoint_x,midpoint_y,distance,angle_to_horizonal
offstreet_parking_bays,237.0,33.0,34.52535300326414,10.007979801441339
offstreet_parking_bays,234.0,64.0,40.0,0.0
offstreet_parking_bays,242.5,115.5,21.587033144922902,13.392497753751098
offstreet_parking_bays,249.5,156.0,11.704699910719626,19.98310652189998
offstreet_parking_bays,252.5,195.5,5.830951894845301,30.96375653207352
