class_title,midpoint_x,midpoint_y,distance,angle_to_horizonal
edge_of_road,49.5,94.5,99.04544411531506,1.7357045889283889
edge_of_road,215.0,85.5,80.30566605165541,5.000644597558433
edge_of_road,128.0,238.5,256.56383221335,3.799219823082351
Driveway,138.5,91.0,77.10382610480494,2.973731082480109
