class_title,midpoint_x,midpoint_y,distance,angle_to_horizonal
edge_of_road,149.0,81.5,208.19462048765814,-2.477598868445697
Driveway,20.5,88.0,41.048751503547585,-2.792702365713283
edge_of_road,128.0,243.0,254.3855341799136,-3.154842864791977
