class_title,midpoint_x,midpoint_y,distance,angle_to_horizonal
edge_of_road,77.5,59.5,117.51595636338071,84.6290053044643
edge_of_road,69.5,129.5,33.97057550292606,-42.61405596961119
edge_of_road,61.0,198.0,112.44554237496477,84.89783474764181
