class_title,midpoint_x,midpoint_y,distance,angle_to_horizonal
offstreet_parking_bays,60.5,190.0,124.10076550932311,87.69093721097431
offstreet_parking_bays,97.0,124.0,76.10519036176179,3.01278750418334
offstreet_parking_bays,245.5,160.5,189.44656238633627,86.06521794363056
offstreet_parking_bays,246.5,63.5,15.033296378372908,3.8140748342903543
