class_title,midpoint_x,midpoint_y,distance,angle_to_horizonal
Driveway,234.5,38.5,43.01162633521314,-1.3322198538696388
Driveway,232.5,174.5,45.0111097397076,-1.2730300200567113
Driveway,7.5,53.5,15.033296378372908,-3.8140748342903543
Driveway,9.0,189.0,18.110770276274835,-6.340191745909909
edge_of_road,114.0,182.5,188.32153355365392,-3.3485948144568924
edge_of_road,114.0,46.0,192.37463450257678,-3.576334374997351
