class_title,midpoint_x,midpoint_y,distance,angle_to_horizonal
edge_of_road,182.0,32.0,146.21901381147393,3.1363583683325875
edge_of_road,84.0,29.5,45.880278987817846,16.460014812040036
edge_of_road,39.0,26.0,34.52535300326414,10.007979801441339
Driveway,10.0,33.0,18.973665961010276,18.43494882292201
