class_title,midpoint_x,midpoint_y,distance,angle_to_horizonal
edge_of_road,108.5,59.5,113.21660655575224,86.45523354440512
edge_of_road,118.0,221.0,62.12889826803627,86.30861401354872
Driveway,113.5,151.5,65.06919393998976,87.35745470593528
