class_title,midpoint_x,midpoint_y,distance,angle_to_horizonal
edge_of_road,13.0,131.0,180.3995565404749,86.18592516570965
Driveway,7.0,20.5,33.06055050963308,86.53177074108285
Driveway,21.5,241.0,28.160255680657446,83.8844964337146
