class_title,midpoint_x,midpoint_y,distance,angle_to_horizonal
Driveway,86.5,167.5,59.00847396772772,89.02897806892084
edge_of_road,79.5,68.5,133.4541119636259,85.27201218115779
edge_of_road,89.0,228.0,56.142675390472796,85.91438322002513
